ts,block,blockTimeMs,blocksPerSec,ticksPerSec,gasUsedPct,baseFeeWei,txPerBlock
2026-09-27T22:31:57.381Z,508319,465.0,2.151,0.475,3.175e-8,10000000,3.0
2026-09-27T22:32:32.461Z,508409,400.0,2.500,0.339,1.896e-9,10000000,2.0
2026-09-27T22:33:17.578Z,508494,455.0,2.198,0.458,1.666e-8,10000000,2.0
2026-09-27T22:33:33.003Z,508536,440.0,2.273,0.356,4.405e-9,10000000,2.0
2026-09-27T22:33:49.109Z,508567,450.0,2.222,0.356,4.195e-9,10000000,2.0
2026-09-27T22:34:05.179Z,508596,485.0,2.062,0.458,1.896e-9,10000000,2.0
2026-09-27T22:35:26.667Z,508819,385.0,2.597,0.458,6.942e-8,10000000,3.0
2026-09-28T15:39:48.483Z,638092,330.0,3.030,0.356,1.889e-9,10000000,2.0
2026-09-28T23:51:48.777Z,724615,285.0,3.509,0.356,8.189e-9,10000000,2.0
